CRIM,ZN,INDUS,CHAS,NOX,RM,AGE,DIS,RAD,TAX,PTRATIO,B,LSTAT,MEDV
0.00632,18.0,2.31,0.0,0.538,6.575,65.2,1.4085449700547104,1,296,15.3,396.9,4.98,24.0
0.02731,0.0,7.07,0.0,0.469,6.421,78.9,1.602836168799538,2,242,17.8,396.9,9.14,21.6
0.02729,0.0,7.07,0.0,0.469,7.185,61.1,1.602836168799538,2,242,17.8,392.83,4.03,34.7
0.03237,0.0,2.18,0.0,0.458,6.998,45.8,1.802072770503119,3,222,18.7,394.63,2.94,33.4
0.06905,0.0,2.18,0.0,0.458,7.147,54.2,1.802072770503119,3,222,18.7,396.9,12.715432098765433,36.2
0.02985,0.0,2.18,0.0,0.458,6.43,58.7,1.802072770503119,3,222,18.7,394.12,5.21,28.7
0.08829,12.5,7.87,0.06995884773662552,0.524,6.012,66.6,1.7156880322767596,5,311,15.2,395.6,12.43,22.9
0.14455,12.5,7.87,0.0,0.524,6.172,96.1,1.7834752496403574,5,311,15.2,396.9,19.15,27.1
0.21124,12.5,7.87,0.0,0.524,5.631,100.0,1.805350031079887,5,311,15.2,386.63,29.93,16.5
0.17004,12.5,7.87,0.06995884773662552,0.524,6.004,85.9,1.8858719623950215,5,311,15.2,386.71,17.1,18.9
0.22489,12.5,7.87,0.0,0.524,6.377,94.3,1.8479349927821578,5,311,15.2,392.52,20.45,15.0
0.11747,12.5,7.87,0.0,0.524,6.009,82.9,1.8288464974373158,5,311,15.2,396.9,13.27,18.9
0.09378,12.5,7.87,0.0,0.524,5.889,39.0,1.6957807326561167,5,311,15.2,390.5,15.71,21.7
0.62976,0.0,8.14,0.0,0.538,5.949,61.8,1.5491569815491704,4,307,21.0,396.9,8.26,20.4
0.63796,0.0,8.14,0.06995884773662552,0.538,6.096,84.5,1.4955746842845248,4,307,21.0,380.02,10.26,18.2
0.62739,0.0,8.14,0.0,0.538,5.834,56.5,1.5037662372600613,4,307,21.0,395.62,8.47,19.9
1.05393,0.0,8.14,0.0,0.538,5.935,29.3,1.5037662372600613,4,307,21.0,386.85,6.58,23.1
0.7842,0.0,8.14,0.0,0.538,5.99,81.7,1.4487760809911847,4,307,21.0,386.75,14.67,17.5
0.80271,0.0,8.14,0.0,0.538,5.456,36.6,1.3340795896711515,4,307,21.0,288.99,11.69,20.2
0.7258,0.0,8.14,0.0,0.538,5.727,69.5,1.3340795896711515,4,307,21.0,390.95,11.28,18.2
1.25179,0.0,8.14,0.0,0.538,5.57,98.1,1.3344482823962802,4,307,21.0,376.57,21.02,13.6
0.85204,0.0,8.14,0.0,0.538,5.965,89.2,1.3893646429771087,4,307,21.0,392.53,13.83,19.6
1.23247,0.0,8.14,0.0,0.538,6.142,91.7,1.3805026213280807,4,307,21.0,396.9,18.72,15.2
0.98843,0.0,8.14,0.0,0.538,5.813,100.0,1.4098155561612364,4,307,21.0,394.54,19.88,14.5
0.75026,0.0,8.14,0.0,0.538,5.924,94.1,1.4815136277008245,4,307,21.0,394.33,16.3,15.6
0.84054,0.0,8.14,0.0,0.538,5.599,85.7,1.4939372701352471,4,307,21.0,303.42,16.51,13.9
0.67191,0.0,8.14,0.0,0.538,5.813,90.3,1.5437253690687192,4,307,21.0,376.88,14.81,16.6
0.95577,0.0,8.14,0.0,0.538,6.047,88.8,1.49366784938822,4,307,21.0,306.38,17.28,14.8
0.77299,0.0,8.14,0.0,0.538,6.495,94.4,1.4939597185879885,4,307,21.0,387.94,12.8,18.4
1.00245,0.0,8.14,0.0,0.538,6.674,87.3,1.4443273923705,4,307,21.0,380.23,11.98,21.0
1.13081,0.0,8.14,0.0,0.538,5.713,94.1,1.4429109615387865,4,307,21.0,360.17,22.6,12.7
1.35472,0.0,8.14,0.0,0.538,6.072,100.0,1.4291143583028187,4,307,21.0,376.73,13.04,14.5
1.38799,0.0,8.14,0.0,0.538,5.95,82.0,1.3837912309017721,4,307,21.0,232.6,27.71,13.2
1.15172,0.0,8.14,0.0,0.538,5.701,95.0,1.3316269597775825,4,307,21.0,358.77,18.35,13.1
1.61282,0.0,8.14,0.0,0.538,6.096,96.9,1.324365764497724,4,307,21.0,248.31,20.34,13.5
0.06417,0.0,5.96,0.0,0.499,5.933,68.2,1.2120302557036664,5,279,19.2,396.9,12.715432098765433,18.9
0.09744,0.0,11.083991769547325,0.0,0.499,5.841,61.4,1.2172542146318501,5,279,19.2,377.56,11.41,20.0
0.08014,0.0,5.96,0.0,0.499,5.85,41.5,1.3697075575154918,5,279,19.2,396.9,8.77,21.0
0.17505,0.0,5.96,0.0,0.499,5.966,30.2,1.3473716035734287,5,279,19.2,393.43,10.13,24.7
0.02763,75.0,2.95,0.0,0.428,6.595,21.8,1.68660263652915,3,252,18.3,395.63,4.32,30.8
0.03359,75.0,2.95,0.0,0.428,7.024,15.8,1.68660263652915,3,252,18.3,395.62,1.98,34.9
0.12744,0.0,6.91,0.0,0.448,6.77,2.9,1.7441261356719917,3,233,17.9,385.41,4.84,26.6
0.1415,0.0,6.91,0.0,0.448,6.169,6.6,1.7441261356719917,3,233,17.9,383.37,5.81,25.3
0.15936,0.0,6.91,0.06995884773662552,0.448,6.211,6.5,1.7441261356719917,3,233,17.9,394.46,7.44,24.7
0.12269,0.0,6.91,0.0,0.448,6.069,40.0,1.7441261356719917,3,233,17.9,389.39,9.55,21.2
0.17142,0.0,6.91,0.0,0.448,5.682,33.8,1.6293189680272497,3,233,17.9,396.9,10.21,19.3
0.18836,0.0,6.91,0.0,0.448,5.786,33.3,1.6293189680272497,3,233,17.9,396.9,14.15,20.0
0.22927,0.0,11.083991769547325,0.0,0.448,6.03,85.5,1.7386047944235348,3,233,17.9,392.74,18.8,16.6
0.25387,0.0,6.91,0.0,0.448,5.399,95.3,1.7698546338400052,3,233,17.9,396.9,30.81,14.4
0.21977,0.0,6.91,0.0,0.448,5.602,62.0,1.806270342078466,3,233,17.9,396.9,16.2,19.4
0.08873,21.0,5.64,0.0,0.439,5.963,45.7,1.9190820436366434,4,243,16.8,395.56,13.45,19.7
0.04337,21.0,11.083991769547325,0.0,0.439,6.115,63.0,1.9190820436366434,4,243,16.8,393.97,9.43,20.5
0.0536,21.0,5.64,0.0,0.439,6.511,21.1,1.9190820436366434,4,243,16.8,396.9,5.28,25.0
3.6118739711934156,21.0,5.64,0.0,0.439,5.998,21.4,1.9190820436366434,4,243,16.8,396.9,8.43,23.4
0.0136,75.0,4.0,0.0,0.41,5.888,47.6,1.990569343526812,3,469,21.1,396.9,14.8,18.9
0.01311,90.0,1.22,0.0,0.403,7.249,21.9,2.162932144678819,5,226,17.9,395.93,4.81,35.4
0.02055,85.0,0.74,0.0,0.41,6.383,35.7,2.2178547488334623,2,313,17.3,396.9,5.77,24.7
0.01432,100.0,1.32,0.0,0.411,6.816,40.5,2.119239011553902,5,256,15.1,392.9,3.95,31.6
0.15445,25.0,5.13,0.0,0.453,6.145,29.2,2.0560193717353434,8,284,19.7,390.68,6.86,23.3
0.10328,25.0,5.13,0.0,0.453,5.927,47.2,1.9361483718533596,8,284,19.7,396.9,9.22,19.6
0.14932,25.0,5.13,0.0,0.453,5.741,66.2,1.977602595787803,8,284,19.7,395.11,13.15,18.7
0.17171,25.0,5.13,0.0,0.453,5.966,93.4,1.9196395063157516,8,284,19.7,378.08,14.44,16.0
0.11027,25.0,5.13,0.0,0.453,6.456,67.8,1.9776164357562482,8,284,19.7,396.9,6.73,22.2
0.1265,25.0,5.13,0.0,0.453,6.762,43.4,2.077051187057198,8,284,19.7,395.58,9.5,25.0
0.01951,17.5,1.38,0.0,0.4161,7.104,59.5,2.221689521735732,3,216,18.6,393.24,8.05,33.0
0.03584,80.0,3.37,0.0,0.398,6.29,17.8,1.8888105570147407,4,337,16.1,396.9,4.67,23.5
0.04379,80.0,3.37,0.0,0.398,5.787,31.1,1.8888105570147407,4,337,16.1,396.9,10.24,19.4
0.05789,12.5,6.07,0.0,0.409,5.878,21.4,1.8714944372469087,4,345,18.9,396.21,8.1,22.0
0.13554,12.5,6.07,0.0,0.409,5.594,36.8,1.8714944372469087,4,345,18.9,396.9,13.09,17.4
0.12816,12.5,6.07,0.0,0.409,5.885,33.0,1.8714944372469087,4,345,18.9,396.9,8.79,20.9
0.08826,0.0,10.81,0.0,0.413,6.417,6.6,1.665307718597909,4,305,19.2,383.73,6.72,24.2
0.15876,0.0,10.81,0.0,0.413,5.961,17.5,1.665307718597909,4,305,19.2,376.94,9.88,21.7
0.09164,0.0,10.81,0.0,0.413,6.065,7.8,1.665307718597909,4,305,19.2,390.91,5.52,22.8
0.19539,0.0,10.81,0.0,0.413,6.245,6.2,1.665307718597909,4,305,19.2,377.17,12.715432098765433,23.4
0.07896,0.0,12.83,0.0,0.437,6.273,68.51851851851852,1.4472718618437102,5,398,18.7,394.92,6.78,24.1
0.09512,0.0,12.83,0.0,0.437,6.286,45.0,1.5046550077047365,5,398,18.7,383.23,8.94,21.4
0.10153,0.0,12.83,0.0,0.437,6.279,74.5,1.3992599435099138,5,398,18.7,373.66,11.97,20.0
0.08707,0.0,12.83,0.0,0.437,6.14,45.8,1.4086672119716157,5,398,18.7,386.96,10.27,20.8
0.05646,0.0,12.83,0.0,0.437,6.232,53.7,1.6122539436935819,5,398,18.7,386.4,12.34,21.2
0.08387,0.0,12.83,0.0,0.437,5.874,36.6,1.5046550077047365,5,398,18.7,396.06,12.715432098765433,20.3
0.04113,25.0,4.86,0.0,0.426,6.727,33.5,1.6865285747986638,4,281,19.0,396.9,5.29,28.0
0.04462,25.0,4.86,0.0,0.426,6.619,70.4,1.6865285747986638,4,281,19.0,395.63,7.22,23.9
0.03659,25.0,4.86,0.0,0.426,6.302,32.2,1.6865285747986638,4,281,19.0,396.9,6.72,24.8
0.03551,25.0,4.86,0.0,0.426,6.167,46.7,1.6865285747986638,4,281,19.0,390.64,7.51,22.9
0.05059,0.0,4.49,0.0,0.449,6.389,48.0,1.5643150156121397,3,247,18.5,396.9,9.62,23.9
0.05735,0.0,4.49,0.0,0.449,6.63,56.1,1.4901362242084286,3,247,18.5,392.3,6.53,26.6
0.05188,0.0,4.49,0.0,0.449,6.015,45.1,1.4877673300505243,3,247,18.5,395.99,12.86,22.5
0.07151,0.0,4.49,0.0,0.449,6.121,56.8,1.321115635094896,3,247,18.5,395.15,12.715432098765433,22.2
0.0566,0.0,3.41,0.0,0.489,7.007,86.3,1.2301375035965438,2,270,17.8,396.9,5.5,23.6
0.05302,0.0,3.41,0.0,0.489,7.079,63.1,1.2280310694190069,2,270,17.8,396.06,5.7,28.7
0.04684,0.0,3.41,0.0,0.489,6.417,66.1,1.1289151505981556,2,270,17.8,392.18,8.81,22.6
0.03932,0.0,3.41,0.0,0.489,6.405,73.9,1.1288504717287196,2,270,17.8,393.55,8.2,22.0
0.04203,11.2119341563786,15.04,0.0,0.464,6.442,53.6,1.2990738713586183,4,270,18.2,395.01,8.16,22.9
0.02875,28.0,15.04,0.0,0.464,6.211,28.9,1.2990738713586183,4,270,18.2,396.33,6.21,25.0
0.04294,28.0,15.04,0.0,0.464,6.249,77.3,1.285091855610728,4,270,18.2,396.9,10.59,20.6
0.12204,0.0,2.89,0.0,0.445,6.625,57.8,1.251390598655089,2,276,18.0,357.98,6.65,28.4
0.11504,0.0,2.89,0.0,0.445,6.163,69.6,1.251390598655089,2,276,18.0,391.83,11.34,21.4
0.12083,0.0,2.89,0.0,0.445,8.069,76.0,1.251390598655089,2,276,18.0,396.9,4.21,38.7
0.08187,0.0,2.89,0.0,0.445,7.82,36.9,1.251390598655089,2,276,18.0,393.53,3.57,43.8
0.0686,0.0,2.89,0.0,0.445,7.416,62.5,1.251390598655089,2,276,18.0,396.9,6.19,33.2
0.14866,0.0,8.56,0.0,0.52,6.727,79.9,1.0216592474999815,5,384,20.9,394.76,9.42,27.5
0.11432,0.0,8.56,0.0,0.52,6.781,71.3,1.0494570578699642,5,384,20.9,395.58,7.67,26.5
0.22876,0.0,8.56,0.0,0.52,6.405,85.4,0.9986814500430602,5,384,20.9,70.8,10.63,18.6
0.21161,0.0,8.56,0.0,0.52,6.137,68.51851851851852,0.9986814500430602,5,384,20.9,394.47,13.44,19.3
0.1396,0.0,8.56,0.0,0.52,6.167,90.0,0.8841806779559214,5,384,20.9,392.69,12.33,20.1
0.13262,0.0,8.56,0.0,0.52,5.851,96.7,0.7452176728509474,5,384,20.9,394.05,16.47,19.5
0.1712,0.0,8.56,0.0,0.52,5.836,91.9,0.7934449018753091,5,384,20.9,395.67,18.66,19.5
0.13117,0.0,8.56,0.0,0.52,6.127,85.2,0.7525475238413928,5,384,20.9,387.69,14.09,20.4
0.12802,0.0,8.56,0.0,0.52,6.474,97.1,0.8890839614359387,5,384,20.9,395.24,12.27,19.8
0.26363,0.0,8.56,0.0,0.52,6.229,91.2,0.9341699419613918,5,384,20.9,391.23,15.55,19.4
0.10793,0.0,8.56,0.0,0.52,6.195,54.4,1.0216592474999815,5,384,20.9,393.49,13.0,21.7
0.10084,0.0,10.01,0.0,0.547,6.715,81.6,0.9848835233397668,6,432,17.8,395.59,10.16,22.8
0.12329,0.0,10.01,0.0,0.547,5.913,92.9,0.8558610910476916,6,432,17.8,394.95,16.21,18.8
0.22212,0.0,10.01,0.0,0.547,6.092,95.4,0.935308737709917,6,432,17.8,396.9,17.09,18.7
0.14231,0.0,10.01,0.0,0.547,6.254,84.2,0.8138149402849189,6,432,17.8,388.74,10.45,18.5
3.6118739711934156,0.0,10.01,0.0,0.547,5.928,88.2,0.9014207192074265,6,432,17.8,344.91,15.76,18.3
0.13158,0.0,10.01,0.0,0.547,6.176,72.5,1.0043382385626352,6,432,17.8,393.3,12.715432098765433,21.2
0.15098,0.0,10.01,0.0,0.547,6.021,82.6,1.0106550099089677,6,432,17.8,394.51,10.3,19.2
0.13058,11.2119341563786,10.01,0.0,0.547,5.872,73.1,0.907249987222006,6,432,17.8,338.63,15.37,20.4
0.14476,0.0,10.01,0.06995884773662552,0.547,5.731,65.2,1.0149407826404941,6,432,17.8,391.5,13.61,19.3
0.06899,0.0,25.65,0.0,0.581,5.87,69.7,0.8143465959617898,2,188,19.1,389.15,14.37,22.0
0.07165,0.0,25.65,0.0,0.581,6.004,84.1,0.7872748432846436,2,188,19.1,377.67,14.27,20.3
0.09299,0.0,25.65,0.0,0.581,5.961,92.9,0.7356797112786478,2,188,19.1,378.09,17.93,20.5
0.15038,0.0,11.083991769547325,0.0,0.581,5.856,97.0,0.6649534461891633,2,188,19.1,370.31,25.41,17.3
0.09849,0.0,25.65,0.0,0.581,5.879,95.8,0.6962922297040182,2,188,19.1,379.38,17.58,18.8
0.16902,0.0,25.65,0.0,0.581,5.986,88.4,0.6895908643571681,2,188,19.1,385.02,14.81,21.4
0.38735,0.0,25.65,0.0,0.581,5.613,68.51851851851852,0.5637216331194875,2,188,19.1,359.29,27.26,15.7
0.25915,0.0,21.89,0.0,0.624,5.693,96.0,0.5812654479118535,4,437,21.2,392.11,17.19,16.2
0.32543,0.0,21.89,0.0,0.624,6.431,98.8,0.5947071077466928,4,437,21.2,396.9,15.39,18.0
0.88125,0.0,21.89,0.0,0.624,5.637,94.7,0.6830463383805158,4,437,21.2,396.9,18.34,14.3
0.34006,0.0,21.89,0.0,0.624,6.458,98.9,0.7507082910844769,4,437,21.2,395.04,12.6,19.2
1.19294,0.0,21.89,0.0,0.624,6.326,97.7,0.8202202631234213,4,437,21.2,396.9,12.26,19.6
0.59005,0.0,21.89,0.0,0.624,6.372,97.9,0.8447517646918394,4,437,21.2,385.76,11.12,23.0
0.32982,11.2119341563786,11.083991769547325,0.0,0.624,5.822,95.4,0.9041776639903529,4,437,21.2,388.69,15.03,18.4
0.97617,0.0,21.89,0.0,0.624,5.757,98.4,0.8527117502312838,4,437,21.2,262.76,17.31,15.6
0.55778,0.0,21.89,0.0,0.624,6.335,98.2,0.747019646024435,4,437,21.2,394.67,16.96,18.1
0.32264,0.0,21.89,0.0,0.624,5.942,93.5,0.6764586992737099,4,437,21.2,378.25,16.9,17.4
0.35233,0.0,21.89,0.0,0.624,6.454,98.4,0.6150775251380227,4,437,21.2,394.08,14.59,17.1
0.2498,0.0,21.89,0.0,0.624,5.857,68.51851851851852,0.5119849514858371,4,437,21.2,392.04,21.32,13.3
0.54452,0.0,21.89,0.0,0.624,6.151,97.9,0.5120448801707201,4,437,21.2,396.9,18.46,17.8
0.2909,0.0,21.89,0.0,0.624,6.174,93.6,0.4774136074207485,4,437,21.2,388.08,24.16,14.0
1.62864,0.0,21.89,0.0,0.624,5.019,100.0,0.36422636009156684,4,437,21.2,396.9,34.41,14.4
3.32105,0.0,19.58,1.0,0.871,5.403,100.0,0.27884312378457665,5,403,14.7,396.9,26.82,13.4
4.0974,0.0,19.58,0.0,0.871,5.468,100.0,0.3448654859792347,5,403,14.7,396.9,26.42,15.6
2.77974,0.0,19.58,0.0,0.871,4.903,97.8,0.297062934257533,5,403,14.7,396.9,29.29,11.8
2.37934,0.0,19.58,0.0,0.871,6.13,100.0,0.3500228678583548,5,403,14.7,172.91,27.8,13.8
2.15505,11.2119341563786,19.58,0.0,0.871,5.628,100.0,0.41647098728469806,5,403,14.7,169.27,16.65,15.6
2.36862,0.0,11.083991769547325,0.0,0.871,4.926,95.7,0.37898423085856703,5,403,14.7,391.71,29.53,14.6
2.33099,0.0,11.083991769547325,0.0,0.871,5.186,93.8,0.42500626331499985,5,403,14.7,356.99,28.32,17.8
2.73397,0.0,19.58,0.0,0.871,5.597,94.9,0.42245332113701944,5,403,14.7,351.85,21.45,15.4
1.6566,0.0,19.58,0.0,0.871,6.122,68.51851851851852,0.48119081863630003,5,403,14.7,372.8,14.1,21.5
1.49632,0.0,19.58,0.0,0.871,5.404,100.0,0.46473979957063644,5,403,14.7,341.6,13.28,19.6
1.12658,0.0,19.58,0.06995884773662552,0.871,5.012,88.0,0.4763583948837434,5,403,14.7,343.28,12.12,15.3
2.14918,0.0,19.58,0.0,0.871,5.709,98.5,0.4843995095294679,5,403,14.7,261.95,15.79,19.4
1.41385,0.0,19.58,1.0,0.871,6.129,96.0,0.5592728720036175,5,403,14.7,321.02,15.12,17.0
3.53501,0.0,19.58,1.0,0.871,6.152,68.51851851851852,0.5570410475629537,5,403,14.7,88.01,15.02,15.6
2.44668,0.0,19.58,0.0,0.871,5.272,94.0,0.5518140044433014,5,403,14.7,88.63,16.14,13.1
1.22358,11.2119341563786,19.58,0.0,0.605,6.943,97.4,0.6298345743481794,5,403,14.7,363.43,4.59,41.3
1.34284,0.0,19.58,0.0,0.605,6.066,100.0,0.5637785402186635,5,403,14.7,353.89,6.43,24.3
1.42502,0.0,19.58,0.0,0.871,6.51,100.0,0.5686604754369415,5,403,14.7,364.31,7.39,23.3
1.27346,0.0,19.58,1.0,0.605,6.25,92.6,0.5868973807172349,5,403,14.7,338.92,5.5,27.0
1.46336,0.0,19.58,0.0,0.605,7.489,90.8,0.6784902912163117,5,403,14.7,374.43,1.73,50.0
1.83377,0.0,19.58,1.0,0.605,7.802,98.2,0.7132928862529031,5,403,14.7,389.61,1.92,50.0
1.51902,0.0,19.58,1.0,0.605,8.375,68.51851851851852,0.7710337192170165,5,403,14.7,388.45,3.32,50.0
2.24236,0.0,19.58,0.0,0.605,5.854,91.8,0.8845936451309006,5,403,14.7,395.11,11.64,22.7
2.924,0.0,19.58,0.0,0.605,6.101,93.0,0.8256655602600897,5,403,14.7,240.16,9.81,25.0
2.01019,0.0,19.58,0.0,0.605,7.929,96.2,0.7158377904796438,5,403,14.7,369.3,3.7,50.0
1.80028,11.2119341563786,19.58,0.0,0.605,5.877,79.2,0.8862025895568697,5,403,14.7,227.61,12.14,23.8
2.3004,0.0,19.58,0.0,0.605,6.319,96.1,0.7419373447293773,5,403,14.7,297.09,11.1,23.8
2.44953,0.0,19.58,0.0,0.605,6.402,95.2,0.8164703965919442,5,403,14.7,330.04,11.32,22.3
1.20742,0.0,19.58,0.0,0.605,5.875,94.6,0.8862025895568697,5,403,14.7,292.29,14.43,17.4
2.3139,0.0,19.58,0.0,0.605,5.88,97.3,0.870749284903777,5,403,14.7,348.13,12.03,19.1
0.13914,0.0,4.05,0.0,0.51,5.572,88.5,0.9540103189011692,5,296,16.6,396.9,14.69,23.1
0.09178,0.0,11.083991769547325,0.0,0.51,6.416,68.51851851851852,0.9731624379506939,5,296,16.6,395.5,9.04,23.6
0.08447,0.0,4.05,0.0,0.51,5.859,68.7,0.9939552292306324,5,296,16.6,393.23,9.64,22.6
0.06664,0.0,4.05,0.0,0.51,6.546,33.1,1.1417675589820373,5,296,16.6,390.96,5.33,29.4
0.07022,0.0,4.05,0.0,0.51,6.02,47.2,1.2683269334643472,5,296,16.6,393.23,10.11,23.2
0.05425,0.0,11.083991769547325,0.0,0.51,6.315,73.4,1.1992114872242254,5,296,16.6,395.6,6.29,24.6
0.06642,0.0,4.05,0.0,0.51,6.86,74.4,1.0699727304589448,5,296,16.6,391.27,6.92,29.9
0.0578,0.0,2.46,0.0,0.488,6.98,58.4,1.0399232923194301,3,193,17.8,396.9,5.04,37.2
0.06588,0.0,2.46,0.0,0.488,7.765,83.3,1.0083228173206489,3,193,17.8,395.56,7.56,39.8
0.06888,0.0,2.46,0.0,0.488,6.144,62.2,0.9547034263605685,3,193,17.8,396.9,9.45,36.2
0.09103,0.0,2.46,0.0,0.488,7.155,92.2,0.993473970544805,3,193,17.8,394.12,4.82,37.9
3.6118739711934156,0.0,2.46,0.0,0.488,6.563,95.6,1.0462658082959004,3,193,17.8,396.9,5.68,32.5
0.08308,0.0,2.46,0.0,0.488,5.604,89.8,1.0945707995083895,3,193,17.8,391.0,13.98,26.4
0.06047,0.0,2.46,0.0,0.488,6.153,68.8,1.187751954798385,3,193,17.8,387.11,13.15,29.6
0.05602,11.2119341563786,2.46,0.0,0.488,7.831,53.6,1.1629007785504715,3,193,17.8,392.63,4.45,50.0
0.07875,45.0,3.44,0.0,0.437,6.782,41.1,1.3319965577120414,5,398,15.2,393.87,6.68,32.0
0.12579,45.0,3.44,0.0,0.437,6.556,29.1,1.518790843409403,5,398,15.2,382.84,4.56,29.8
0.0837,45.0,3.44,0.0,0.437,7.185,38.9,1.518790843409403,5,398,15.2,396.9,5.39,34.9
0.09068,45.0,3.44,0.0,0.437,6.951,21.5,1.8686896456903432,5,398,15.2,377.68,5.1,37.0
3.6118739711934156,45.0,3.44,0.0,0.437,6.739,30.8,1.8686896456903432,5,398,15.2,389.71,4.69,30.5
3.6118739711934156,45.0,3.44,0.0,0.437,7.178,26.3,1.8686896456903432,5,398,15.2,390.49,2.87,36.4
0.02187,60.0,2.93,0.0,0.401,6.8,68.51851851851852,1.827705596001524,1,265,15.6,393.37,5.03,31.1
0.01439,60.0,2.93,0.0,0.401,6.604,18.8,1.827705596001524,1,265,15.6,376.7,4.38,29.1
0.01381,80.0,0.46,0.0,0.422,7.875,32.0,1.7313723192129598,4,255,14.4,394.23,2.97,50.0
3.6118739711934156,80.0,1.52,0.0,0.404,7.287,34.1,1.9891064654982547,2,329,12.6,396.9,4.08,33.3
0.04666,80.0,1.52,0.0,0.404,7.107,36.6,1.9891064654982547,2,329,12.6,354.31,8.61,30.3
0.03768,80.0,1.52,0.0,0.404,7.274,38.3,1.9891064654982547,2,329,12.6,392.2,6.62,34.6
0.0315,95.0,1.47,0.0,0.403,6.975,15.3,2.035149993546711,3,402,17.0,396.9,4.56,34.9
0.01778,95.0,1.47,0.0,0.403,7.135,13.9,2.035149993546711,3,402,17.0,384.3,4.45,32.9
0.03445,82.5,2.03,0.0,0.415,6.162,38.4,1.8357763546448294,2,348,14.7,393.77,7.43,24.1
0.02177,82.5,2.03,0.0,0.415,7.61,15.7,1.8357763546448294,2,348,14.7,395.38,3.11,42.3
0.0351,95.0,2.68,0.0,0.4161,7.853,33.2,1.6327637377375972,4,224,14.7,392.78,3.81,48.5
0.02009,95.0,2.68,0.0,0.4161,8.034,31.9,1.6327637377375972,4,224,14.7,390.55,2.88,50.0
0.13642,11.2119341563786,10.59,0.0,0.489,5.891,22.3,1.3725503433276314,4,277,18.6,396.9,10.87,22.6
0.22969,0.0,10.59,0.06995884773662552,0.489,6.326,52.5,1.4713016479283183,4,277,18.6,394.87,10.97,24.4
0.25199,0.0,10.59,0.0,0.489,5.783,72.7,1.4713016479283183,4,277,18.6,389.43,12.715432098765433,22.5
0.13587,0.0,10.59,1.0,0.489,6.064,59.1,1.4443745721964154,4,277,18.6,381.32,14.66,24.4
0.43571,0.0,10.59,1.0,0.489,5.344,100.0,1.3545456628053103,4,277,18.6,396.9,23.09,20.0
0.17446,11.2119341563786,10.59,1.0,0.489,5.96,92.1,1.3550874514951798,4,277,18.6,393.25,17.27,21.7
0.37578,0.0,10.59,1.0,0.489,5.404,88.6,1.2988283353386147,4,277,18.6,395.24,23.98,19.3
0.21719,0.0,10.59,1.0,0.489,5.807,53.8,1.2954392427758044,4,277,18.6,390.94,16.03,22.4
0.14052,0.0,10.59,0.0,0.489,6.375,32.3,1.3725503433276314,4,277,18.6,385.81,9.38,28.1
0.28955,0.0,10.59,0.0,0.489,5.412,9.8,1.2774555810857395,4,277,18.6,348.93,29.55,23.7
0.19802,0.0,10.59,0.0,0.489,6.182,68.51851851851852,1.3725503433276314,4,277,18.6,393.63,9.47,25.0
0.0456,0.0,13.89,1.0,0.55,5.888,56.0,1.1352977394759622,5,276,16.4,392.8,13.51,23.3
0.07013,0.0,13.89,0.0,0.55,6.642,85.1,1.2299621367871858,5,276,16.4,392.78,9.69,28.7
0.11069,0.0,13.89,1.0,0.55,5.951,93.8,1.0610142582527913,5,276,16.4,396.9,17.92,21.5
0.11425,0.0,11.083991769547325,1.0,0.55,6.373,92.4,1.2129226348455207,5,276,16.4,393.74,10.5,23.0
0.35809,0.0,6.2,1.0,0.507,6.951,88.5,1.051415853837135,8,307,17.4,391.7,9.71,26.7
0.40771,0.0,6.2,1.0,0.507,6.164,91.3,1.1144856378244,8,307,17.4,395.24,21.46,21.7
0.62356,0.0,6.2,1.0,0.507,6.879,77.7,1.18543198062067,8,307,17.4,390.39,9.93,27.5
0.6147,0.0,6.2,0.0,0.507,6.618,80.8,1.18543198062067,8,307,17.4,396.9,7.6,30.1
0.31533,0.0,6.2,0.0,0.504,8.266,78.3,1.0627778356588937,8,307,17.4,385.05,4.14,44.8
0.52693,0.0,6.2,0.0,0.504,8.725,83.0,1.0627778356588937,8,307,17.4,382.0,4.63,50.0
0.38214,0.0,6.2,0.0,0.504,8.04,86.5,1.1680450633834465,8,307,17.4,387.38,12.715432098765433,37.6
0.41238,0.0,6.2,0.0,0.504,7.163,79.9,1.1680450633834465,8,307,17.4,372.08,6.36,31.6
0.29819,0.0,6.2,0.0,0.504,7.686,17.0,1.216424953515174,8,307,17.4,377.51,12.715432098765433,46.7
3.6118739711934156,0.0,6.2,0.0,0.504,6.552,21.4,1.216424953515174,8,307,17.4,380.34,3.76,31.5
0.537,0.0,6.2,0.0,0.504,5.981,68.1,1.3006002979095281,8,307,17.4,378.35,11.65,24.3
0.46296,0.0,6.2,0.0,0.504,7.412,76.9,1.3006002979095281,8,307,17.4,376.14,5.25,31.7
0.57529,0.0,6.2,0.0,0.507,8.337,73.3,1.3450556131032931,8,307,17.4,385.91,2.47,41.7
0.33147,0.0,6.2,0.0,0.507,8.247,68.51851851851852,1.2952475801015233,8,307,17.4,378.95,3.95,48.3
0.44791,0.0,6.2,1.0,0.507,6.726,66.5,1.2952475801015233,8,307,17.4,360.2,8.05,29.0
0.33045,0.0,6.2,0.0,0.507,6.086,61.5,1.2952475801015233,8,307,17.4,376.75,10.88,24.0
3.6118739711934156,0.0,6.2,1.0,0.507,6.631,76.5,1.4226262903672808,8,307,17.4,388.45,9.54,25.1
0.51183,0.0,6.2,0.0,0.507,7.358,71.6,1.4226262903672808,8,307,17.4,390.07,4.73,31.5
0.08244,11.2119341563786,4.93,0.0,0.428,6.481,18.5,1.8229189314771568,6,300,16.6,379.41,6.36,23.7
0.09252,30.0,4.93,0.0,0.428,6.606,42.2,1.8229189314771568,6,300,16.6,383.78,7.37,23.3
0.11329,30.0,4.93,0.06995884773662552,0.428,6.897,54.3,1.84626343721586,6,300,16.6,391.25,11.38,22.0
3.6118739711934156,30.0,4.93,0.0,0.428,6.095,65.1,1.84626343721586,6,300,16.6,394.62,12.4,20.1
0.1029,30.0,4.93,0.0,0.428,6.358,52.9,1.9509687612461732,6,300,16.6,372.75,11.22,22.2
0.12757,30.0,4.93,0.0,0.428,6.393,7.8,1.9509687612461732,6,300,16.6,374.71,5.19,23.7
0.20608,22.0,5.86,0.0,0.431,5.593,76.5,2.073788091000493,7,330,19.1,372.49,12.5,17.6
0.19133,22.0,11.083991769547325,0.06995884773662552,0.431,5.605,70.2,2.073788091000493,7,330,19.1,389.13,18.46,18.5
0.33983,22.0,5.86,0.0,0.431,6.108,34.9,2.0863550879489043,7,330,19.1,390.18,9.16,24.3
0.19657,22.0,5.86,0.0,0.431,6.226,79.2,2.0863550879489043,7,330,19.1,376.14,10.15,20.5
0.16439,22.0,5.86,0.0,0.431,6.433,49.1,2.0575154113461407,7,330,19.1,374.71,9.52,24.5
0.19073,22.0,5.86,0.0,0.431,6.718,17.5,2.0575154113461407,7,330,19.1,393.74,6.56,26.2
0.1403,22.0,5.86,0.0,0.431,6.487,13.0,2.0010339548007137,7,330,19.1,396.28,5.9,24.4
0.21409,22.0,5.86,0.0,0.431,6.438,8.9,2.0010339548007137,7,330,19.1,377.07,3.59,24.8
0.08221,22.0,5.86,0.0,0.431,6.957,6.8,2.1868038025083023,7,330,19.1,386.09,3.53,29.6
0.36894,22.0,5.86,0.0,0.431,8.259,8.4,2.1868038025083023,7,330,19.1,396.9,3.54,42.8
0.04819,80.0,3.64,0.06995884773662552,0.392,6.108,32.0,2.221407575000109,1,315,16.4,392.89,6.57,21.9
0.03548,80.0,3.64,0.0,0.392,5.876,19.1,2.221407575000109,1,315,16.4,395.18,9.25,20.9
0.01538,90.0,3.75,0.0,0.394,7.454,34.2,1.84626343721586,3,244,15.9,386.34,3.11,44.0
0.61154,20.0,3.97,0.0,0.647,8.704,86.9,0.588342066193819,5,264,13.0,389.7,5.12,50.0
0.66351,20.0,3.97,0.0,0.647,7.333,100.0,0.639007734459297,5,264,13.0,383.29,7.79,36.0
0.65665,20.0,3.97,0.0,0.647,6.842,100.0,0.6984829201494644,5,264,13.0,391.93,6.9,30.1
0.54011,20.0,3.97,0.0,0.647,7.203,81.8,0.7476827132079593,5,264,13.0,392.8,9.59,33.8
0.53412,20.0,3.97,0.0,0.647,7.52,89.4,0.7607123667223692,5,264,13.0,388.37,7.26,43.1
3.6118739711934156,20.0,3.97,0.0,0.647,8.398,91.5,0.8278965811115597,5,264,13.0,386.86,5.91,48.8
0.82526,20.0,3.97,0.0,0.647,7.327,94.5,0.7317908041521498,5,264,13.0,393.42,11.25,31.0
0.55007,20.0,3.97,0.0,0.647,7.206,91.6,0.6575718150460251,5,264,13.0,387.89,8.1,36.5
0.76162,20.0,3.97,0.0,0.647,5.56,62.8,0.6863742962725166,5,264,13.0,392.4,10.45,22.8
0.7857,11.2119341563786,3.97,0.0,0.647,7.014,84.6,0.7574825560648395,5,264,13.0,384.07,14.79,30.7
0.57834,20.0,3.97,0.0,0.575,8.297,67.0,0.8844284787253719,5,264,13.0,384.54,7.44,50.0
0.5405,20.0,3.97,0.0,0.575,7.47,52.6,1.0550086511859778,5,264,13.0,390.3,3.16,43.5
0.09065,20.0,6.96,1.0,0.464,5.92,61.5,1.365453695248039,3,223,18.6,391.34,13.65,20.7
0.29916,20.0,6.96,0.0,0.464,5.856,42.1,1.4881738249410612,3,223,18.6,388.65,13.0,21.1
0.16211,20.0,6.96,0.0,0.464,6.24,16.3,1.4881738249410612,3,223,18.6,396.9,12.715432098765433,25.2
0.1146,20.0,6.96,0.0,0.464,6.538,58.7,1.365453695248039,3,223,18.6,394.96,7.73,24.4
0.22188,20.0,6.96,1.0,0.464,7.691,51.8,1.4739617728716505,3,223,18.6,390.77,6.58,35.2
0.05644,40.0,6.41,1.0,0.447,6.758,32.9,1.405508580043695,4,254,17.6,396.9,3.53,32.4
0.09604,40.0,6.41,0.0,0.447,6.854,42.8,1.450981308741706,4,254,17.6,396.9,2.98,32.0
0.10469,40.0,6.41,1.0,0.447,7.267,49.0,1.5659456893579664,4,254,17.6,389.25,6.05,33.2
0.06127,40.0,6.41,1.0,0.447,6.826,27.6,1.581614403699502,4,254,17.6,393.45,12.715432098765433,33.1
0.07978,40.0,6.41,0.0,0.447,6.482,32.1,1.420768248979967,4,254,17.6,396.9,7.19,29.1
0.21038,20.0,3.33,0.0,0.4429,6.812,32.2,1.41115769084458,5,216,14.9,396.9,4.85,35.1
0.03578,20.0,3.33,0.0,0.4429,7.82,64.5,1.546434212855099,5,216,14.9,387.31,3.76,45.4
0.03705,20.0,3.33,0.0,0.4429,6.968,68.51851851851852,1.6572180428816397,5,216,14.9,392.23,4.59,35.4
0.06129,20.0,3.33,1.0,0.4429,7.645,49.7,1.6509444725858264,5,216,14.9,377.07,3.01,46.0
0.01501,90.0,1.21,1.0,0.401,7.923,24.8,1.77240674071224,1,198,13.6,395.52,3.16,50.0
0.00906,90.0,2.97,0.0,0.4,7.088,20.8,1.9888738484874289,1,285,15.3,394.72,7.85,32.2
0.01096,55.0,2.25,0.0,0.389,6.453,31.9,1.9888738484874289,1,300,15.3,394.72,8.23,22.0
0.01965,80.0,1.76,0.0,0.385,6.23,68.51851851851852,2.2070868955155056,1,241,18.2,341.6,12.93,20.1
0.03871,52.5,5.32,0.0,0.405,6.209,31.3,1.990227741135006,6,293,16.6,396.9,7.14,23.2
3.6118739711934156,52.5,5.32,0.0,0.405,6.315,45.6,1.990227741135006,6,293,16.6,396.9,7.6,22.3
0.04297,52.5,5.32,0.0,0.405,6.565,22.9,1.990227741135006,6,293,16.6,371.72,9.51,24.8
0.03502,80.0,4.95,0.0,0.411,6.861,27.9,1.6325097000018567,4,245,19.2,396.9,3.33,28.5
0.07886,80.0,4.95,0.0,0.411,7.148,27.7,1.6325097000018567,4,245,19.2,396.9,3.56,37.3
0.03615,80.0,11.083991769547325,0.0,0.411,6.63,23.4,1.6325097000018567,4,245,19.2,396.9,4.7,27.9
0.08265,0.0,13.92,0.0,0.437,6.127,18.4,1.705238880872887,4,289,16.0,396.9,8.58,23.9
0.08199,0.0,13.92,0.06995884773662552,0.437,6.009,42.3,1.705238880872887,4,289,16.0,396.9,10.4,21.7
0.12932,0.0,13.92,0.0,0.437,6.678,31.1,1.785137592919168,4,289,16.0,396.9,6.27,28.6
0.05372,0.0,13.92,0.0,0.437,6.549,51.0,1.785137592919168,4,289,16.0,392.85,7.39,27.1
0.14103,0.0,11.083991769547325,0.0,0.437,5.79,58.0,1.843719208158766,4,289,16.0,396.9,15.84,20.3
0.06466,70.0,2.24,0.0,0.4,6.345,20.1,2.057681499897272,5,358,14.8,368.24,4.97,22.5
0.05561,70.0,2.24,0.0,0.4,7.041,10.0,2.057681499897272,5,358,14.8,371.58,4.74,29.0
0.04417,70.0,2.24,0.0,0.4,6.871,47.4,2.057681499897272,5,358,14.8,390.86,6.07,24.8
0.03537,11.2119341563786,6.09,0.0,0.433,6.59,40.4,1.7032378615047714,7,329,16.1,395.75,9.5,22.0
3.6118739711934156,34.0,6.09,0.0,0.433,6.495,18.4,1.7032378615047714,7,329,16.1,383.61,8.67,26.4
0.1,11.2119341563786,6.09,0.0,0.433,6.982,17.7,1.7032378615047714,7,329,16.1,390.43,4.86,33.1
0.05515,33.0,2.18,0.0,0.472,7.236,41.1,1.3917792913504603,7,222,18.4,393.68,6.93,36.1
0.05479,33.0,11.083991769547325,0.0,0.472,6.616,58.1,1.2149127443642704,7,222,18.4,393.36,8.93,28.4
0.07503,33.0,2.18,0.0,0.472,7.42,71.9,1.1311440136705944,7,222,18.4,396.9,6.47,33.4
0.04932,33.0,2.18,0.0,0.472,6.849,70.3,1.1577298931511986,7,222,18.4,396.9,7.53,28.2
0.49298,0.0,9.9,0.0,0.544,6.635,82.5,1.1992114872242254,4,304,18.4,396.9,4.54,22.8
0.3494,0.0,9.9,0.0,0.544,5.972,76.7,1.1322082380966252,4,304,18.4,396.24,9.97,20.3
2.63548,0.0,9.9,0.0,0.544,4.973,37.8,0.9240207779360656,4,304,18.4,350.45,12.64,16.1
0.79041,0.0,9.9,0.0,0.544,6.122,52.8,0.9708925470657387,4,304,18.4,396.9,5.98,22.1
0.26169,0.0,9.9,0.0,0.544,6.023,90.4,1.0416891412684888,4,304,18.4,396.3,11.72,19.4
0.26938,0.0,9.9,0.0,0.544,6.266,82.8,1.1825857224442882,4,304,18.4,393.39,7.9,21.6
0.3692,0.0,9.9,0.0,0.544,6.567,87.3,1.2815725303483325,4,304,18.4,395.69,9.28,23.8
0.25356,0.0,9.9,0.0,0.544,5.705,77.7,1.3724489542978375,4,304,18.4,396.42,11.5,16.2
0.31827,0.0,9.9,0.0,0.544,5.914,68.51851851851852,1.3859442998555953,4,304,18.4,390.7,18.33,17.8
0.24522,0.0,9.9,0.0,0.544,5.782,71.7,1.394188123238991,4,304,18.4,396.9,15.94,19.8
0.40202,0.0,9.9,0.0,0.544,6.382,67.2,1.2620058355765456,4,304,18.4,395.21,10.36,23.1
0.47547,0.0,9.9,0.0,0.544,6.113,58.8,1.3867692483431018,4,304,18.4,396.23,12.73,21.0
0.1676,0.0,7.38,0.0,0.493,6.426,52.3,1.5130151138990473,5,287,19.6,396.9,7.2,23.8
0.18159,0.0,7.38,0.0,0.493,6.376,54.3,1.5130151138990473,5,287,19.6,396.9,6.87,23.1
0.35114,0.0,7.38,0.0,0.493,6.041,49.9,1.5520418232927913,5,287,19.6,396.9,7.7,20.4
0.28392,0.0,7.38,0.0,0.493,5.708,74.3,1.5520418232927913,5,287,19.6,391.13,11.74,18.5
0.34109,0.0,7.38,0.0,0.493,6.415,40.1,1.5520418232927913,5,287,19.6,396.9,6.12,25.0
0.19186,0.0,7.38,0.0,0.493,6.431,14.7,1.689339071628585,5,287,19.6,393.68,5.08,24.6
0.30347,0.0,7.38,0.0,0.493,6.312,28.9,1.689339071628585,5,287,19.6,396.9,6.15,23.0
0.24103,0.0,7.38,0.0,0.493,6.083,43.7,1.689339071628585,5,287,19.6,396.9,12.79,22.2
0.06617,0.0,3.24,0.0,0.46,5.868,25.8,1.6514623836893323,4,430,16.9,382.44,9.97,19.3
0.06724,0.0,3.24,0.0,0.46,6.333,17.2,1.6514623836893323,4,430,16.9,375.21,7.34,22.6
0.04544,11.2119341563786,3.24,0.0,0.46,6.144,32.2,1.7704677337604326,4,430,16.9,368.57,9.09,19.8
0.05023,35.0,6.06,0.0,0.4379,5.706,28.4,1.893217379618614,1,304,16.9,394.02,12.43,17.1
0.03466,11.2119341563786,6.06,0.0,0.4379,6.031,23.3,1.893217379618614,1,304,16.9,362.25,7.83,19.4
0.05083,0.0,5.19,0.0,0.515,6.316,38.1,1.8653816090986688,5,224,20.2,389.71,5.68,22.2
0.03738,0.0,5.19,0.0,0.515,6.31,38.5,1.8653816090986688,5,224,20.2,389.4,6.75,20.7
0.03961,0.0,5.19,0.0,0.515,6.037,34.5,1.7893064630669882,5,224,20.2,396.9,8.01,21.1
0.03427,0.0,5.19,0.0,0.515,5.869,46.3,1.6546215810094207,5,224,20.2,396.9,9.8,19.5
0.03041,0.0,5.19,0.0,0.515,5.895,59.6,1.7254415881904066,5,224,20.2,394.81,10.56,18.5
0.03306,0.0,5.19,0.0,0.515,6.059,37.3,1.571154360008492,5,224,20.2,396.14,8.51,20.6
0.05497,0.0,5.19,0.0,0.515,5.985,45.4,1.571154360008492,5,224,20.2,396.9,9.74,19.0
0.06151,0.0,5.19,0.0,0.515,5.968,58.5,1.571154360008492,5,224,20.2,396.9,9.29,18.7
0.01301,35.0,1.52,0.0,0.442,7.241,49.3,1.951309830216467,1,284,15.5,394.74,5.49,32.7
0.02498,0.0,1.89,0.0,0.518,6.54,59.7,1.8352818145171772,1,422,15.9,389.96,8.65,16.5
0.02543,55.0,3.78,0.0,0.484,6.696,56.4,1.7460819557314025,5,370,17.6,396.9,7.18,23.9
0.03049,55.0,11.083991769547325,0.0,0.484,6.874,28.1,1.8664648819262473,5,370,17.6,387.97,4.61,31.2
0.03113,0.0,4.39,0.0,0.442,6.014,48.5,2.0811400983154176,3,352,18.8,385.64,10.53,17.5
0.06162,0.0,4.39,0.0,0.442,5.898,52.3,2.0811400983154176,3,352,18.8,364.61,12.67,17.2
0.0187,85.0,4.15,0.0,0.429,6.516,27.7,2.1442105050135645,4,351,17.9,392.43,6.36,23.1
0.01501,80.0,2.01,0.0,0.435,6.635,29.7,2.121542717698471,4,280,17.0,390.94,5.99,24.5
0.02899,40.0,1.25,0.0,0.429,6.939,34.5,2.1738535910129793,1,335,19.7,389.85,12.715432098765433,26.6
0.06211,11.2119341563786,1.25,0.0,0.429,6.49,44.4,2.1738535910129793,1,335,19.7,396.9,12.715432098765433,22.9
0.0795,60.0,1.69,0.0,0.411,6.579,35.9,2.371205895271833,4,411,18.3,370.78,5.49,24.1
0.07244,60.0,1.69,0.0,0.411,5.884,18.5,2.371205895271833,4,411,18.3,392.33,7.79,18.6
0.01709,90.0,2.02,0.0,0.41,6.728,36.1,2.495393140512136,5,187,17.0,384.46,4.5,30.1
0.04301,80.0,1.91,0.0,0.413,5.663,21.9,2.359504033718152,4,334,22.0,382.8,8.05,18.2
0.10659,11.2119341563786,1.91,0.0,0.413,5.936,68.51851851851852,2.359504033718152,4,334,22.0,376.04,5.57,20.6
8.98296,0.0,18.1,1.0,0.77,6.212,97.4,0.7524532864573528,24,666,20.2,377.73,17.6,17.8
3.8497,0.0,18.1,1.0,0.77,6.395,91.0,0.9183685716691207,24,666,20.2,391.34,13.27,21.7
5.20177,0.0,18.1,1.0,0.77,6.127,83.4,1.0016240350184296,24,666,20.2,395.43,11.48,22.7
4.26131,0.0,11.083991769547325,0.0,0.77,6.112,81.3,0.9199241231065759,24,666,20.2,390.74,12.67,22.6
4.54192,0.0,18.1,0.0,0.77,6.398,88.0,0.9235443605854632,24,666,20.2,374.56,7.79,25.0
3.83684,0.0,18.1,0.0,0.77,6.251,91.1,0.8309506847071397,24,666,20.2,350.65,14.19,19.9
3.67822,0.0,18.1,0.0,0.77,5.362,96.2,0.7436501627330522,24,666,20.2,380.79,10.19,20.8
4.22239,0.0,18.1,1.0,0.77,5.803,89.0,0.6443245158623769,24,666,20.2,353.04,14.64,16.8
3.47428,0.0,18.1,1.0,0.718,8.78,82.9,0.6443245158623769,24,666,20.2,354.55,5.29,21.9
4.55587,0.0,18.1,0.0,0.718,3.561,87.9,0.478219784017076,24,666,20.2,354.7,7.12,27.5
3.69695,0.0,18.1,0.0,0.718,4.963,91.4,0.5609292107322363,24,666,20.2,316.03,14.0,21.9
13.5222,0.0,18.1,0.06995884773662552,0.631,3.863,100.0,0.4125069228972105,24,666,20.2,131.42,13.33,23.1
4.89822,0.0,18.1,0.0,0.631,4.97,68.51851851851852,0.2870568770578626,24,666,20.2,375.52,3.26,50.0
3.6118739711934156,0.0,18.1,1.0,0.631,6.683,96.8,0.30505528050912584,24,666,20.2,375.33,3.73,50.0
6.53876,0.0,18.1,1.0,0.631,7.016,97.5,0.18431955945662762,24,666,20.2,392.05,2.96,50.0
9.2323,0.0,18.1,0.0,0.631,6.216,100.0,0.15623422203063622,24,666,20.2,366.15,9.53,50.0
8.26725,0.0,18.1,1.0,0.668,5.875,89.6,0.12186358775684052,24,666,20.2,347.88,8.88,50.0
11.1081,0.0,18.1,0.0,0.668,4.906,100.0,0.16058706464794842,24,666,20.2,396.9,34.77,13.8
18.4982,0.0,18.1,0.0,0.668,4.138,100.0,0.128393214768399,24,666,20.2,396.9,37.97,13.8
19.6091,11.2119341563786,18.1,0.0,0.671,7.313,97.9,0.274824770449225,24,666,20.2,396.9,13.44,15.0
15.288,0.0,18.1,0.06995884773662552,0.671,6.649,93.3,0.29631966084736644,24,666,20.2,363.02,12.715432098765433,13.9
9.82349,0.0,18.1,0.0,0.671,6.794,98.8,0.30601302913650447,24,666,20.2,396.9,21.24,13.3
23.6482,0.0,18.1,0.0,0.671,6.38,96.2,0.3264940482371704,24,666,20.2,396.9,23.69,13.1
17.8667,0.0,18.1,0.0,0.671,6.223,100.0,0.3264940482371704,24,666,20.2,393.74,21.78,10.2
88.9762,0.0,18.1,0.0,0.671,6.968,91.9,0.3481890402884343,24,666,20.2,396.9,17.21,10.4
15.8744,0.0,18.1,0.0,0.671,6.545,99.1,0.41818388051593913,24,666,20.2,396.9,21.08,10.9
9.18702,0.0,18.1,0.0,0.7,5.536,100.0,0.45767797955509865,24,666,20.2,396.9,23.6,11.3
7.99248,0.0,18.1,0.0,0.7,5.52,100.0,0.4272918293342714,24,666,20.2,396.9,12.715432098765433,12.3
20.0849,0.0,18.1,0.0,0.7,4.368,91.2,0.3642958310700935,24,666,20.2,285.83,30.63,8.8
16.8118,0.0,18.1,0.0,0.7,5.277,98.1,0.3549434457605842,24,666,20.2,396.9,30.81,7.2
24.3938,0.0,18.1,0.0,0.7,4.652,100.0,0.3833558225200634,24,666,20.2,396.9,28.28,10.5
22.5971,0.0,18.1,0.0,0.7,5.0,89.5,0.41765714887352634,24,666,20.2,396.9,31.99,7.4
14.3337,0.0,18.1,0.06995884773662552,0.7,4.88,100.0,0.4634195013687203,24,666,20.2,372.92,30.62,10.2
8.15174,0.0,18.1,0.0,0.7,5.39,98.9,0.547022539077809,24,666,20.2,396.9,20.85,11.5
6.96215,0.0,18.1,0.0,0.7,5.713,97.0,0.6557048850840753,24,666,20.2,394.43,17.11,15.1
5.29305,0.0,18.1,0.0,0.7,6.051,82.5,0.7737128283995126,24,666,20.2,378.38,18.76,23.2
11.5779,0.0,18.1,0.0,0.7,5.036,97.0,0.5709795465857378,24,666,20.2,396.9,25.68,9.7
3.6118739711934156,0.0,18.1,0.0,0.693,6.193,92.6,0.582885786302408,24,666,20.2,396.9,15.17,13.8
3.6118739711934156,0.0,18.1,0.0,0.693,5.887,94.7,0.5777924441969166,24,666,20.2,396.9,16.35,12.7
8.71675,0.0,18.1,0.0,0.693,6.471,98.8,0.5456327652713961,24,666,20.2,391.98,17.12,13.1
5.87205,0.0,18.1,0.0,0.693,6.405,96.0,0.516887215144586,24,666,20.2,396.9,19.37,12.5
7.67202,0.0,18.1,0.0,0.693,5.747,98.9,0.4906637319420382,24,666,20.2,393.1,19.92,8.5
38.3518,0.0,18.1,0.0,0.693,5.453,100.0,0.3985076275406656,24,666,20.2,396.9,30.59,5.0
9.91655,0.0,18.1,0.0,0.693,5.852,77.8,0.4057317392255952,24,666,20.2,338.16,29.97,6.3
25.0461,0.0,18.1,0.0,0.693,5.987,100.0,0.4629790143087711,24,666,20.2,396.9,26.77,5.6
14.2362,0.0,18.1,0.06995884773662552,0.693,6.343,100.0,0.45368368037863877,24,666,20.2,396.9,20.32,7.2
9.59571,0.0,18.1,0.0,0.693,6.404,100.0,0.49408629976169266,24,666,20.2,376.11,20.31,12.1
24.8017,0.0,18.1,0.0,0.693,5.349,96.0,0.5322739549718603,24,666,20.2,396.9,19.77,8.3
41.5292,0.0,18.1,0.0,0.693,5.531,85.4,0.47461796679648094,24,666,20.2,329.46,27.38,8.5
67.9208,0.0,18.1,0.0,0.693,5.683,100.0,0.3544524760856333,24,666,20.2,384.97,22.98,5.0
20.7162,0.0,11.083991769547325,0.0,0.659,4.138,100.0,0.16390297126993653,24,666,20.2,370.22,23.34,11.9
11.9511,0.0,18.1,0.0,0.659,5.608,100.0,0.25091434825956627,24,666,20.2,332.09,12.715432098765433,27.9
7.40389,0.0,18.1,0.0,0.597,5.617,97.9,0.3747996937972793,24,666,20.2,314.64,26.4,17.2
3.6118739711934156,0.0,18.1,0.0,0.597,6.852,100.0,0.3821964811688101,24,666,20.2,179.36,19.78,27.5
51.1358,0.0,18.1,0.0,0.597,5.757,100.0,0.3457151037023904,24,666,20.2,2.6,10.11,15.0
14.0507,0.0,18.1,0.0,0.597,6.657,100.0,0.4236324120636134,24,666,20.2,35.05,21.22,17.2
18.811,0.0,18.1,0.0,0.597,4.628,100.0,0.4407678998105515,24,666,20.2,28.79,34.37,17.9
28.6558,0.0,18.1,0.0,0.597,5.155,100.0,0.4633565865239419,24,666,20.2,210.97,20.08,16.3
45.7461,0.0,18.1,0.0,0.693,4.519,100.0,0.5057326766999812,24,666,20.2,88.27,36.98,7.0
18.0846,0.0,18.1,0.0,0.679,6.434,100.0,0.6068809804025369,24,666,20.2,27.25,29.05,7.2
10.8342,0.0,18.1,0.0,0.679,6.782,90.8,0.5985617380700774,24,666,20.2,21.57,25.79,7.5
25.9406,0.0,18.1,0.0,0.679,5.304,89.1,0.49925898739452523,24,666,20.2,127.36,26.64,10.4
73.5341,0.0,18.1,0.0,0.679,5.957,100.0,0.5892300671401723,24,666,20.2,16.45,20.62,8.8
11.8123,0.0,18.1,0.0,0.718,6.824,76.5,0.5844477636366044,24,666,20.2,48.45,22.74,8.4
11.0874,0.0,18.1,0.0,0.718,6.411,100.0,0.6199849149309613,24,666,20.2,318.75,15.02,16.7
7.02259,0.0,18.1,0.0,0.718,6.006,95.3,0.6283953033302484,24,666,20.2,319.98,15.7,14.2
12.0482,0.0,18.1,0.0,0.614,5.648,87.6,0.6684445679195735,24,666,20.2,291.55,14.1,20.8
7.05042,0.0,18.1,0.0,0.614,6.103,68.51851851851852,0.7039882037378201,24,666,20.2,2.52,23.29,13.4
8.79212,0.0,18.1,0.0,0.584,5.565,70.6,0.7244035702104994,24,666,20.2,3.65,17.16,11.7
15.8603,0.0,18.1,0.0,0.679,5.896,95.4,0.6468937960424833,24,666,20.2,7.68,24.39,8.3
3.6118739711934156,0.0,18.1,0.0,0.584,5.837,59.7,0.6919464599834264,24,666,20.2,24.65,15.69,10.2
37.6619,11.2119341563786,18.1,0.0,0.679,6.202,78.7,0.6221344133135258,24,666,20.2,18.82,14.52,10.9
7.36711,0.0,18.1,0.0,0.679,6.193,78.1,0.6604173559370264,24,666,20.2,96.73,21.52,11.0
9.33889,0.0,18.1,0.0,0.679,6.38,68.51851851851852,0.677119419482748,24,666,20.2,60.72,24.08,9.5
3.6118739711934156,0.0,18.1,0.0,0.584,6.348,86.1,0.7191559997409962,24,666,20.2,83.45,17.64,14.5
10.0623,0.0,18.1,0.0,0.584,6.833,94.3,0.7363024508738729,24,666,20.2,81.33,19.69,14.1
6.44405,0.0,18.1,0.0,0.584,6.425,74.8,0.7886391620191661,24,666,20.2,97.95,12.03,16.1
5.58107,0.0,18.1,0.0,0.713,6.436,87.9,0.8397552001960356,24,666,20.2,100.19,16.22,14.3
13.9134,0.0,18.1,0.0,0.713,6.208,95.0,0.7984976961677712,24,666,20.2,100.63,15.17,11.7
11.1604,0.0,18.1,0.0,0.74,6.629,94.6,0.7536306159394559,24,666,20.2,109.85,23.27,13.4
14.4208,0.0,18.1,0.0,0.74,6.461,93.3,0.6944463362915655,24,666,20.2,27.49,18.05,9.6
15.1772,0.0,18.1,0.0,0.74,6.152,100.0,0.649299780779669,24,666,20.2,9.32,26.45,8.7
13.6781,0.0,18.1,0.0,0.74,5.935,87.9,0.5991661170890513,24,666,20.2,68.95,34.02,8.4
9.39063,0.0,18.1,0.0,0.74,5.627,93.9,0.5972968549031111,24,666,20.2,396.9,22.88,12.8
22.0511,0.0,18.1,0.0,0.74,5.818,92.4,0.6239042778177846,24,666,20.2,391.45,12.715432098765433,10.5
9.72418,0.0,18.1,0.0,0.74,6.406,97.2,0.7251786513906091,24,666,20.2,385.96,12.715432098765433,17.1
5.66637,0.0,18.1,0.06995884773662552,0.74,6.219,100.0,0.6955443051596668,24,666,20.2,395.69,16.59,18.4
9.96654,0.0,18.1,0.0,0.74,6.485,100.0,0.6822884372250694,24,666,20.2,386.73,18.85,15.4
12.8023,0.0,18.1,0.0,0.74,5.854,96.6,0.6395354111112962,24,666,20.2,240.52,23.79,10.8
10.6718,0.0,18.1,0.0,0.74,6.459,94.8,0.6870788051583386,24,666,20.2,43.06,23.98,11.8
6.28807,0.0,18.1,0.0,0.74,6.341,96.4,0.7285143243972366,24,666,20.2,318.01,17.79,14.9
9.92485,0.0,18.1,0.0,0.74,6.251,96.6,0.7875478559814296,24,666,20.2,388.52,16.44,12.6
9.32909,0.0,18.1,0.0,0.713,6.185,98.7,0.8160725273972436,24,666,20.2,396.9,18.13,14.1
7.52601,0.0,18.1,0.0,0.713,6.417,98.3,0.7816158285475535,24,666,20.2,304.21,19.31,13.0
6.71772,0.0,18.1,0.06995884773662552,0.713,6.749,92.6,0.8431177071362403,24,666,20.2,0.32,17.44,13.4
5.44114,0.0,18.1,0.0,0.713,6.655,68.51851851851852,0.85662564955242,24,666,20.2,355.29,17.73,15.2
5.09017,0.0,18.1,0.0,0.713,6.297,91.8,0.8621301729147193,24,666,20.2,385.09,17.27,16.1
8.24809,0.0,11.083991769547325,0.0,0.713,7.393,99.3,0.897189458571754,24,666,20.2,375.87,16.74,17.8
9.51363,0.0,18.1,0.0,0.713,6.728,94.1,0.9147295138072007,24,666,20.2,6.68,18.71,14.9
4.75237,0.0,18.1,0.0,0.713,6.525,86.5,0.890275244670873,24,666,20.2,50.92,18.13,14.1
4.66883,0.0,18.1,0.0,0.713,5.976,87.9,0.9480219300356085,24,666,20.2,10.48,19.01,12.7
8.20058,0.0,18.1,0.0,0.713,5.936,80.3,1.0221631165047034,24,666,20.2,3.5,16.94,13.5
7.75223,11.2119341563786,11.083991769547325,0.0,0.713,6.301,83.7,1.0235654143451984,24,666,20.2,272.21,16.23,14.9
6.80117,0.0,18.1,0.0,0.713,6.081,84.4,0.9997123400132274,24,666,20.2,396.9,14.7,20.0
3.6118739711934156,0.0,18.1,0.0,0.713,6.701,90.0,0.9545494439912454,24,666,20.2,255.23,16.42,16.4
3.69311,0.0,18.1,0.0,0.713,6.376,88.4,0.9427768571099817,24,666,20.2,391.43,14.65,17.7
6.65492,0.0,18.1,0.0,0.713,6.317,83.0,1.0059120333791893,24,666,20.2,396.9,13.99,19.5
5.82115,0.0,18.1,0.0,0.713,6.513,89.9,1.0301906825494505,24,666,20.2,393.82,10.29,20.2
7.83932,0.0,18.1,0.0,0.655,6.209,65.4,1.086337257792497,24,666,20.2,396.9,13.22,21.4
3.6118739711934156,0.0,18.1,0.06995884773662552,0.655,5.759,48.2,1.1205368460839014,24,666,20.2,334.4,14.13,19.9
3.77498,0.0,11.083991769547325,0.0,0.655,5.952,84.7,1.0548345413222142,24,666,20.2,22.01,17.15,19.0
4.42228,0.0,18.1,0.0,0.584,6.003,94.5,0.9322821842922008,24,666,20.2,331.29,21.32,19.1
15.5757,0.0,18.1,0.0,0.58,5.926,71.0,1.0676031017937646,24,666,20.2,368.74,18.13,19.1
13.0751,0.0,18.1,0.0,0.58,5.713,56.7,1.0380480816933282,24,666,20.2,396.9,14.76,20.1
4.34879,0.0,18.1,0.0,0.58,6.167,84.0,1.1096841026351594,24,666,20.2,396.9,16.29,19.9
4.03841,0.0,18.1,0.0,0.532,6.229,90.7,1.1311762795413725,24,666,20.2,395.33,12.87,19.6
3.56868,0.0,18.1,0.0,0.58,6.437,75.0,1.0635031115545417,24,666,20.2,393.37,14.36,23.2
4.64689,0.0,18.1,0.0,0.614,6.98,67.6,0.929364891361427,24,666,20.2,374.68,12.715432098765433,29.8
8.05579,0.0,18.1,0.0,0.584,5.427,95.4,0.8878089494385047,24,666,20.2,352.58,18.14,13.8
6.39312,0.0,18.1,0.0,0.584,6.162,97.4,0.7911809208313108,24,666,20.2,302.76,24.1,13.3
4.87141,0.0,18.1,0.0,0.614,6.484,93.6,0.8352108198234132,24,666,20.2,396.21,18.68,16.7
15.0234,0.0,18.1,0.0,0.614,5.304,97.3,0.7422706225194976,24,666,20.2,349.48,24.91,12.0
10.233,0.0,18.1,0.0,0.614,6.185,96.7,0.7749575557575112,24,666,20.2,379.7,18.03,14.6
14.3337,0.0,18.1,0.06995884773662552,0.614,6.229,88.0,0.6684445679195735,24,666,20.2,383.32,13.11,21.4
5.82401,0.0,18.1,0.0,0.532,6.242,64.7,1.2308678677885803,24,666,20.2,396.9,10.74,23.0
5.70818,0.0,18.1,0.0,0.532,6.75,74.9,1.2034826842367052,24,666,20.2,393.07,7.74,23.7
5.73116,0.0,18.1,0.06995884773662552,0.532,7.061,77.0,1.226888228896677,24,666,20.2,395.28,7.01,25.0
2.81838,0.0,18.1,0.0,0.532,5.762,40.3,1.410572253579414,24,666,20.2,392.92,10.42,21.8
2.37857,0.0,18.1,0.0,0.583,5.871,41.9,1.3147983594148207,24,666,20.2,370.73,13.34,20.6
3.67367,0.0,18.1,0.0,0.583,6.312,51.9,1.384217205324691,24,666,20.2,388.62,10.58,21.2
5.69175,0.0,18.1,0.0,0.583,6.114,79.8,1.2657920064647443,24,666,20.2,392.68,14.98,19.1
4.83567,0.0,18.1,0.0,0.583,5.905,53.2,1.1481323451315006,24,666,20.2,388.22,11.45,20.6
0.15086,0.0,27.74,0.0,0.609,5.454,92.7,0.5993308843556605,4,711,20.1,395.09,18.06,15.2
0.18337,0.0,27.74,0.0,0.609,5.414,98.3,0.5626967511758802,4,711,20.1,344.05,23.97,7.0
0.20746,0.0,27.74,0.0,0.609,5.093,98.0,0.6002640530798894,4,711,20.1,318.43,29.68,8.1
0.10574,0.0,27.74,0.0,0.609,5.983,98.8,0.624921871564379,4,711,20.1,390.11,18.07,13.6
0.11132,0.0,27.74,0.0,0.609,5.983,83.5,0.7466405529999453,4,711,20.1,396.9,13.35,20.1
0.17331,0.0,9.69,0.0,0.585,5.707,54.0,0.8678145184170403,6,391,19.2,396.9,12.01,21.8
0.27957,0.0,9.69,0.0,0.585,5.926,42.6,0.8678145184170403,6,391,19.2,396.9,13.59,24.5
0.17899,0.0,9.69,0.0,0.585,5.67,28.8,1.0291192921394758,6,391,19.2,393.29,17.6,23.1
0.2896,0.0,9.69,0.0,0.585,5.39,72.9,1.0291192921394758,6,391,19.2,396.9,21.14,19.7
0.26838,0.0,9.69,0.0,0.585,5.794,70.6,1.0621903220341422,6,391,19.2,396.9,14.1,18.3
0.23912,0.0,9.69,0.0,0.585,6.019,65.3,0.8792532337715917,6,391,19.2,396.9,12.92,21.2
0.17783,0.0,9.69,0.0,0.585,5.569,73.5,0.8754270698191536,6,391,19.2,395.77,15.1,17.5
0.22438,0.0,9.69,0.0,0.585,6.027,79.7,0.9155704725496719,6,391,19.2,396.9,14.33,16.8
0.06263,0.0,11.93,0.0,0.573,6.593,69.1,0.9076938846486369,1,273,21.0,391.99,12.715432098765433,22.4
0.04527,0.0,11.93,0.0,0.573,6.12,76.7,0.8274595181675394,1,273,21.0,396.9,9.08,20.6
0.06076,0.0,11.93,0.0,0.573,6.976,91.0,0.7735744296725598,1,273,21.0,396.9,5.64,23.9
0.10959,0.0,11.93,0.0,0.573,6.794,89.3,0.8708330089493718,1,273,21.0,393.45,6.48,22.0
0.04741,0.0,11.93,0.0,0.573,6.03,68.51851851851852,0.9182887345368281,1,273,21.0,396.9,7.88,11.9
